大学,ファイル名,KB
関西大,2025年度入試問題解答集_世界史.pdf,108
関西大,2025年度入試問題解答集_化学.pdf,506
関西大,2025年度入試問題解答集_国語.pdf,143
関西大,2025年度入試問題解答集_地理.pdf,106
関西大,2025年度入試問題解答集_政治経済.pdf,62
関西大,2025年度入試問題解答集_数学.pdf,2199
関西大,2025年度入試問題解答集_日本史.pdf,114
関西大,2025年度入試問題解答集_物理.pdf,100
関西大,2025年度入試問題解答集_生物.pdf,232
関西大,2025年度入試問題解答集_英語.pdf,112
関西大,2025年度入試問題集_世界史.pdf,2405
関西大,2025年度入試問題集_化学.pdf,1676
関西大,2025年度入試問題集_国語.pdf,5312
関西大,2025年度入試問題集_地理.pdf,4222
関西大,2025年度入試問題集_小論文.pdf,929
関西大,2025年度入試問題集_政治経済.pdf,3424
関西大,2025年度入試問題集_数学.pdf,1268
関西大,2025年度入試問題集_日本史.pdf,2393
関西大,2025年度入試問題集_物理.pdf,1701
関西大,2025年度入試問題集_生物.pdf,1627
関西大,2025年度入試問題集_英語.pdf,3072
一橋大,R4caution1.pdf,413
一橋大,R4exam_caution_covid19.pdf,307
一橋大,R4jukenkikai.pdf,63
一橋大,R4kenteiryo_henkan_notification.pdf,100
一橋大,R6nyushimiss.pdf,190
一橋大,R7_kyoutsuutesuto_nyuushitsujikokuhenkou.pdf,254
一橋大,R7ippan_youkou.pdf,1641
一橋大,R8_juken_caution.pdf,310
青山学院大,ac_graduate_economics_de_m_senmon_kaitou.pdf,737
青山学院大,ac_graduate_economics_de_m_senmon_mondai.pdf,203
青山学院大,ac_graduate_ephs_education_m_gaikokugo_i_mondai.pdf,677
青山学院大,ac_graduate_ephs_education_m_gaikokugo_s_kaitou.pdf,489
青山学院大,ac_graduate_ephs_education_m_gaikokugo_s_mondai.pdf,677
青山学院大,ac_graduate_ephs_education_m_ronbun_i_kaitou.pdf,406
青山学院大,ac_graduate_ephs_education_m_ronbun_i_mondai.pdf,408
青山学院大,ac_graduate_ephs_education_m_ronbun_s_kaitou.pdf,378
青山学院大,ac_graduate_ephs_education_m_ronbun_s_mondai.pdf,394
青山学院大,ac_graduate_ephs_psychology_m_ronbundokkai_ir_kaitou.pdf,472
青山学院大,ac_graduate_ephs_psychology_m_ronbundokkai_ir_mondai.pdf,446
青山学院大,ac_graduate_ephs_psychology_m_ronbundokkai_is_kaitou.pdf,462
青山学院大,ac_graduate_ephs_psychology_m_ronbundokkai_is_mondai.pdf,445
青山学院大,ac_graduate_ephs_psychology_m_ronbundokkai_sr_kaitou.pdf,238
青山学院大,ac_graduate_ephs_psychology_m_ronbundokkai_sr_mondai.pdf,215
青山学院大,ac_graduate_ephs_psychology_m_ronbundokkai_ss_kaitou.pdf,232
青山学院大,ac_graduate_ephs_psychology_m_ronbundokkai_ss_mondai.pdf,214
青山学院大,ac_graduate_ephs_psychology_m_senmonA_ir_kaitou.pdf,737
青山学院大,ac_graduate_ephs_psychology_m_senmonA_ir_mondai.pdf,188
青山学院大,ac_graduate_ephs_psychology_m_senmonA_is_kaitou.pdf,737
青山学院大,ac_graduate_ephs_psychology_m_senmonA_is_mondai.pdf,185
青山学院大,ac_graduate_ephs_psychology_m_senmonA_sr_kaitou.pdf,380
青山学院大,ac_graduate_ephs_psychology_m_senmonA_sr_mondai.pdf,96
青山学院大,ac_graduate_ephs_psychology_m_senmonA_ss_kaitou.pdf,380
青山学院大,ac_graduate_ephs_psychology_m_senmonA_ss_mondai.pdf,95
青山学院大,ac_graduate_ephs_psychology_m_senmonB_is_kaitou.pdf,572
青山学院大,ac_graduate_ephs_psychology_m_senmonB_is_mondai.pdf,433
青山学院大,ac_graduate_ephs_psychology_m_senmonB_ss_kaitou.pdf,286
青山学院大,ac_graduate_ephs_psychology_m_senmonB_ss_mondai.pdf,217
青山学院大,ac_graduate_ephs_psychology_m_senmonC_ir_kaitou.pdf,569
青山学院大,ac_graduate_ephs_psychology_m_senmonC_ir_mondai.pdf,443
青山学院大,ac_graduate_ephs_psychology_m_senmonC_sr_kaitou.pdf,284
青山学院大,ac_graduate_ephs_psychology_m_senmonC_sr_mondai.pdf,224
青山学院大,ac_graduate_literature_comparative_arts_m_gaikokugo_kaitou.pdf,195
青山学院大,ac_graduate_literature_comparative_arts_m_gaikokugo_mondai.pdf,2604
青山学院大,ac_graduate_literature_comparative_arts_m_senmon_kaitou.pdf,285
青山学院大,ac_graduate_literature_comparative_arts_m_senmon_mondai-1.pdf,187
青山学院大,ac_graduate_literature_english_m_eigo_kaitou.pdf,346
青山学院大,ac_graduate_literature_english_m_eigo_mondai.pdf,260
青山学院大,ac_graduate_literature_english_m_senmon_kaitou.pdf,880
青山学院大,ac_graduate_literature_english_m_senmon_mondai-2.pdf,953
青山学院大,ac_graduate_literature_french_m_dainigaikokugo_mondai.pdf,166
青山学院大,ac_graduate_literature_french_m_french_mondai.pdf,351
青山学院大,ac_graduate_literature_french_m_ronjyutu_mondai.pdf,25
青山学院大,ac_graduate_literature_history_m_gaikokugo_kaitou.pdf,276
青山学院大,ac_graduate_literature_history_m_gaikokugo_mondai.pdf,5041
青山学院大,ac_graduate_literature_history_m_senmon_kaitou.pdf,396
青山学院大,ac_graduate_literature_history_m_senmon_mondai.pdf,563
青山学院大,ac_graduate_literature_japanese_m_gaikokugo_mondai-1.pdf,2725
青山学院大,ac_graduate_literature_japanese_m_senmon_kaitou.pdf,450
青山学院大,ac_graduate_literature_japanese_m_senmon_mondai-1.pdf,2595
青山学院大,ad_exam2027_p145_p185_20260507_k2qL5.pdf,40196
青山学院大,ad_exam2027_p149_20260507_k3w1A.pdf,2007
青山学院大,ad_exam2027_p150_p167_20260507_d3U5s.pdf,21230
青山学院大,ad_exam_info_center_exam_20250702_k410Y.pdf,301
青山学院大,ad_exam_info_general_exam_individualundergraduate_20251118_7d0E4.pdf,343
青山学院大,ad_exam_info_general_exam_individualundergraduate_20260602_v7Jbq.pdf,319
青山学院大,ad_exam_info_sports_20260325_sBm82.pdf,303
青山学院大,ad_exam_info_statisticsanddatascience_20260625_D2sG5.pdf,433
青山学院大,ad_mohan_20260207_01_eigo_w3FjgT6m.pdf,406
青山学院大,ad_mohan_20260207_02_kokugo_Sw3YZVvm.pdf,406
青山学院大,ad_mohan_20260207_03_nihonshi_D3zxRvCn.pdf,74
青山学院大,ad_mohan_20260207_04_sekaishi_y8G4TCwQ.pdf,407
青山学院大,ad_mohan_20260207_05_seijikeizai_pP8C3TQc.pdf,408
青山学院大,ad_mohan_20260207_06_suugaku_zsrb_Kx5H7b4B.pdf,410
青山学院大,ad_mohan_20260207_07_suugaku_z_zrb_Z2eEYLa5.pdf,432
青山学院大,ad_mohan_20260207_08_butsuri_G7j8xsCd.pdf,407
青山学院大,ad_mohan_20260207_09_kagaku_w7PAmciN.pdf,406
青山学院大,ad_mohan_20260209_01_eigo_B9xzH6a8.pdf,410
青山学院大,ad_mohan_20260209_02_suugaku_rb_vF4ALSEy.pdf,707
青山学院大,ad_mohan_20260209_03_suugaku_rc_gK9WNHtC.pdf,609
青山学院大,ad_mohan_20260209_04_sougoumondai_ca_Wu54avHY.pdf,410
青山学院大,ad_mohan_20260209_05_sougoumondai_rd_a6W9RUDP.pdf,445
青山学院大,ad_mohan_20260210_01_eigo_dR4GqKW9.pdf,493
青山学院大,ad_mohan_20260210_02_suugaku_z3UgN68b.pdf,447
青山学院大,ad_mohan_20260210_03_butsuri_aM8fzATy.pdf,431
青山学院大,ad_mohan_20260210_04_kagaku_r5Ywy6Va.pdf,859
青山学院大,ad_mohan_20260211_01_eigo_F7bQZzDJ.pdf,671
青山学院大,ad_mohan_20260211_02_suugaku_zS2WJ9Nw.pdf,167
青山学院大,ad_mohan_20260211_03_butsuri_P5h4gdLM.pdf,433
青山学院大,ad_mohan_20260211_04_kagaku_Fn3LJYmu.pdf,722
青山学院大,ad_mohan_20260211_05_ronjyutsu_Nq2mSDVb.pdf,480
青山学院大,ad_mohan_20260213_01_eigo_qV9Fg7Dk.pdf,526
青山学院大,ad_mohan_20260213_02_kokugo_nW37sve6.pdf,432
青山学院大,ad_mohan_20260213_03_shouronbun_p_K9rJFgjA.pdf,424
青山学院大,ad_mohan_20260213_04_shouronbun_y_C8jrdVFp.pdf,758
青山学院大,ad_mohan_20260213_05_ronjutsu_Px5BaDyH.pdf,515
青山学院大,ad_mohan_20260213_06_sougoumondai_fb_Js2FN5VB.pdf,451
青山学院大,ad_mohan_20260214_01_eigo_lb_Vp4sNcPe.pdf,561
青山学院大,ad_mohan_20260214_02_eigo_lc_P2arYFuZ.pdf,572
青山学院大,ad_mohan_20260214_03_kokugo_kG38uWms.pdf,439
青山学院大,ad_mohan_20260214_04_nihonshi_Aa8ib5Fp.pdf,303
青山学院大,ad_mohan_20260214_05_sekaishi_W3ifDK9d.pdf,468
青山学院大,ad_mohan_20260214_06_ronjyutsu_eL9yrGQC.pdf,422
青山学院大,ad_mohan_20260214_07_sougoumondai_lb_n3LKDEzU.pdf,615
青山学院大,ad_mohan_20260214_08_sougoumondai_fa_C5vDF38W.pdf,506
青山学院大,ad_mohan_20260215_01_eigo_g2ANvRPY.pdf,458
青山学院大,ad_mohan_20260215_02_ronjyutsu_Es2C3rMJ.pdf,423
青山学院大,ad_mohan_20260217_01_ronjyutsusougoumondai_ip_pJ6ayKXc.pdf,667
青山学院大,ad_mohan_20260217_02_ronjyutsusougoumondai_ie_Cm4BJTKw.pdf,648
青山学院大,ad_mohan_20260217_03_ronjyutsusougoumondai_ic_b3ZPVJja.pdf,453
青山学院大,ad_mohan_20260218_01_ronjyutsu_wG6rkeDu.pdf,487
青山学院大,ad_mohan_20260218_02_sougoumondai_ja_eL2B4EiC.pdf,446
青山学院大,ad_mohan_20260218_03_sougoumondai_jb_Tp7cSBxV.pdf,768
青山学院大,ad_mohan_20260219_01_eigo_Q9bgVchE.pdf,427
青山学院大,ad_mohan_20260219_02_nihonshi_q6EwP5kU.pdf,481
青山学院大,ad_mohan_20260219_03_sekaishi_c3CYJwkx.pdf,430
青山学院大,ad_mohan_20260219_04_seijikeizai_M9sZQq6p.pdf,435
青山学院大,ad_mohan_20260219_05_suugaku_k8Gb46pw.pdf,99
青山学院大,ad_mondai_20260207_01_eigo_zQ3sM2ZA.pdf,3702
青山学院大,ad_mondai_20260207_02_kokugo_Bs2QATkn.pdf,11739
青山学院大,ad_mondai_20260207_03_nihonshi_L9uFnbg4.pdf,9805
青山学院大,ad_mondai_20260207_04_sekaishi_S9taQPpc.pdf,9655
青山学院大,ad_mondai_20260207_05_seijikeizai_T9fGCgX5.pdf,10367
青山学院大,ad_mondai_20260207_06_suugaku_zsrb_Hs7LQbkK.pdf,1111
青山学院大,ad_mondai_20260207_07_suugaku_z_zrb_rR7bjTCK.pdf,1008
青山学院大,ad_mondai_20260207_08_butsuri_e8MamEvx.pdf,4409
青山学院大,ad_mondai_20260207_09_kagaku_Xw53vbNi.pdf,3272
青山学院大,ad_mondai_20260209_01_eigo_yP5uHwqD.pdf,4730
青山学院大,ad_mondai_20260209_02_suugaku_rb_pT7xt4Zj.pdf,1022
青山学院大,ad_mondai_20260209_03_suugaku_rc_En7CibYt.pdf,822
青山学院大,ad_mondai_20260209_04_sougoumondai_ca_Zu3ByRJx.pdf,10788
青山学院大,ad_mondai_20260209_05_sougoumondai_rd_Nj7FZwDx.pdf,11045
青山学院大,ad_mondai_20260210_01_eigo_Wm7PBtR6.pdf,3080
青山学院大,ad_mondai_20260210_02_suugaku_E5kFeR7S.pdf,1379
青山学院大,ad_mondai_20260210_03_butsuri_kN7YrVU3.pdf,4281
青山学院大,ad_mondai_20260210_04_kagaku_K8qu6iJM.pdf,2764
青山学院大,ad_mondai_20260211_01_eigo_s4A6ND8k.pdf,2539
青山学院大,ad_mondai_20260211_02_suugaku_k5VGFptb.pdf,1520
青山学院大,ad_mondai_20260211_03_butsuri_Mn7bi3Lq.pdf,4521
青山学院大,ad_mondai_20260211_04_kagaku_Ex6LARbj.pdf,1889
青山学院大,ad_mondai_20260211_05_ronjyutsu_Aj5KziYn.pdf,1915
青山学院大,ad_mondai_20260213_01_eigo_r5XtALKD.pdf,2780
青山学院大,ad_mondai_20260213_02_kokugo_V5q8ZgUD.pdf,7660
青山学院大,ad_mondai_20260213_03_shouronbun_p_Hp6BnPNF.pdf,6294
青山学院大,ad_mondai_20260213_04_shouronbun_y_Jj2cNyMt.pdf,1448
青山学院大,ad_mondai_20260213_05_ronjutsu_Tk4P9vHa.pdf,205
青山学院大,ad_mondai_20260213_06_sougoumondai_fb_sL2GQZrc.pdf,3160
青山学院大,ad_mondai_20260214_01_eigo_sU9725Aj.pdf,4608
青山学院大,ad_mondai_20260214_02_kokugo_q5BzXENu.pdf,11821
青山学院大,ad_mondai_20260214_03_nihonshi_Y2dKVPLp.pdf,7086
青山学院大,ad_mondai_20260214_04_sekaishi_V7vFmBxd.pdf,8022
青山学院大,ad_mondai_20260214_05_ronjyutsu_R5bhV6Zp.pdf,1059
青山学院大,ad_mondai_20260214_06_sougoumondai_lb_q3AWzgTB.pdf,985
青山学院大,ad_mondai_20260214_07_sougoumondai_fa_qS5bNAti.pdf,5754
青山学院大,ad_mondai_20260215_01_eigo_Fq7ZDyfW.pdf,4775
青山学院大,ad_mondai_20260215_02_ronjyutsu_Eh7JtL8S.pdf,3682
青山学院大,ad_mondai_20260217_01_ronjyutsusougoumondai_ip_W9wUyds7.pdf,5814
青山学院大,ad_mondai_20260217_02_ronjyutsusougoumondai_ie_s8GrTzku.pdf,4363
青山学院大,ad_mondai_20260217_03_ronjyutsusougoumondai_ic_Rt7qHZnQ.pdf,3825
青山学院大,ad_mondai_20260218_01_ronjyutsu_B2gmDJv5.pdf,4275
青山学院大,ad_mondai_20260218_02_sougoumondai_ja_n8NkK6HM.pdf,10467
青山学院大,ad_mondai_20260218_03_sougoumondai_jb_A4hELmjn.pdf,8394
青山学院大,ad_mondai_20260219_01_eigo_Nw4viTeG.pdf,5274
青山学院大,ad_mondai_20260219_02_nihonshi_h2HB8Seq.pdf,6944
青山学院大,ad_mondai_20260219_03_sekaishi_jF3QWaE6.pdf,6756
青山学院大,ad_mondai_20260219_04_seijikeizai_vP9pD7Zr.pdf,10227
青山学院大,ad_mondai_20260219_05_suugaku_d5RNtzFf.pdf,2047
青山学院大,ad_shutsudai_20260207_01_eigo_rZ2jL893.pdf,197
青山学院大,ad_shutsudai_20260207_02_kokugo_fK4irhg5.pdf,170
青山学院大,ad_shutsudai_20260207_03_nihonshi_B8s7ehJR.pdf,182
青山学院大,ad_shutsudai_20260207_04_sekaishi_jB7W8ftD.pdf,186
青山学院大,ad_shutsudai_20260207_05_seijikeizai_m9Fu5GsH.pdf,187
青山学院大,ad_shutsudai_20260207_06_suugaku_zsrb_k9VYNBvU.pdf,132
青山学院大,ad_shutsudai_20260207_07_suugaku_z_zrb_Ls8D3GiV.pdf,117
青山学院大,ad_shutsudai_20260207_08_butsuri_Qi9HsBu5.pdf,274
青山学院大,ad_shutsudai_20260207_09_kagaku_zK5JyQXU.pdf,216
青山学院大,ad_shutsudai_20260209_01_eigo_aB3SAtZx.pdf,206
青山学院大,ad_shutsudai_20260209_02_suugaku_rb_Z8i27NQ6.pdf,145
青山学院大,ad_shutsudai_20260209_03_suugaku_rc_g3JYW74Q.pdf,145
青山学院大,ad_shutsudai_20260209_04_sougoumondai_ca_G6gtArL5.pdf,179
青山学院大,ad_shutsudai_20260209_05_sougoumondai_rd_Sw2VXKTH.pdf,156
青山学院大,ad_shutsudai_20260210_01_eigo_Wu3rxFyz.pdf,215
青山学院大,ad_shutsudai_20260210_02_suugaku_g4THMw98.pdf,246
青山学院大,ad_shutsudai_20260210_03_butsuri_mZ3JCHxc.pdf,250
青山学院大,ad_shutsudai_20260210_04_kagaku_tX2CGYE9.pdf,196
青山学院大,ad_shutsudai_20260211_01_eigo_f9M4Wm6h.pdf,210
青山学院大,ad_shutsudai_20260211_02_suugaku_vY7mURfC.pdf,480
青山学院大,ad_shutsudai_20260211_03_butsuri_dF8gVG4y.pdf,252
青山学院大,ad_shutsudai_20260211_04_kagaku_W7wficNF.pdf,196
青山学院大,ad_shutsudai_20260211_05_ronjyutsu_rH5bUVf6.pdf,217
青山学院大,ad_shutsudai_20260213_01_eigo_xA8aeyvQ.pdf,227
青山学院大,ad_shutsudai_20260213_02_kokugo_t5LSmk4g.pdf,173
青山学院大,ad_shutsudai_20260213_03_shouronbun_p_jR2PpacB.pdf,172
青山学院大,ad_shutsudai_20260213_04_shouronbun_y_w2UHbGzB.pdf,227
青山学院大,ad_shutsudai_20260213_05_ronjutsu_e8HhxmU4.pdf,212
青山学院大,ad_shutsudai_20260213_06_sougoumondai_fb_R5cTxvKa.pdf,233
青山学院大,ad_shutsudai_20260214_01_eigo_lb_S2cd5Qqf.pdf,229
青山学院大,ad_shutsudai_20260214_02_eigo_lc_Mi7uJwFt.pdf,231
青山学院大,ad_shutsudai_20260214_03_kokugo_En3vWQSC.pdf,173
青山学院大,ad_shutsudai_20260214_04_nihonshi_eC9qk6Mi.pdf,212
青山学院大,ad_shutsudai_20260214_05_sekaishi_hK9NbYCg.pdf,217
青山学院大,ad_shutsudai_20260214_06_ronjyutsu_mB3CcWTe.pdf,165
青山学院大,ad_shutsudai_20260214_07_sougoumondai_lb_Wq8zFKJc.pdf,223
青山学院大,ad_shutsudai_20260214_08_sougoumondai_fa_Cc3YyRPa.pdf,214
青山学院大,ad_shutsudai_20260215_01_eigo_qH5NKeSX.pdf,158
青山学院大,ad_shutsudai_20260215_02_ronjyutsu_sB9fwY6d.pdf,180
青山学院大,ad_shutsudai_20260217_01_ronjyutsusougoumondai_ip_a4AVEn68.pdf,243
青山学院大,ad_shutsudai_20260217_02_ronjyutsusougoumondai_ie_f3LKsFHy.pdf,197
青山学院大,ad_shutsudai_20260217_03_ronjyutsusougoumondai_ic_Gn9W8YKd.pdf,205
青山学院大,ad_shutsudai_20260218_01_ronjyutsu_Nu9cisYm.pdf,163
青山学院大,ad_shutsudai_20260218_02_sougoumondai_ja_zS7fvYwC.pdf,91
青山学院大,ad_shutsudai_20260218_03_sougoumondai_jb_t3W9hqDv.pdf,232
青山学院大,ad_shutsudai_20260219_01_eigo_v7QmqrHZ.pdf,215
青山学院大,ad_shutsudai_20260219_02_nihonshi_kA4LY2Gx.pdf,199
青山学院大,ad_shutsudai_20260219_03_sekaishi_i6XK9uNL.pdf,199
青山学院大,ad_shutsudai_20260219_04_seijikeizai_X2dry4Fz.pdf,199
青山学院大,ad_shutsudai_20260219_05_suugaku_n6GzjULk.pdf,202
神戸大,csi_oc_2026.pdf,169
広島大,00K-kyoikugakubu_bijyutsu-jitsugi.pdf,398
広島大,00K-kyoikugakubu_bijyutsu-jitsugi.pdf.pdf,176
広島大,01_01sougoukagakubu_1-ks_r7.pdf,247
広島大,01_01sougoukagakubu_1-ks_r8.pdf,261
広島大,01_02sougoukagakubu_p-ks_r7.pdf,208
広島大,01_02sougoukagakubu_p-ks_r8.pdf,219
広島大,01_sougoukagakubu-p-m_r8.pdf,436
広島大,01_sougoukagakubu1-m_r8.pdf,448
広島大,01kk-kyoiku-kenkou_r7.pdf,229
広島大,01kk-kyoiku-kenkou_r8.pdf,197
広島大,01km-kyoiku-kenkou_r7.pdf,469
広島大,01km-kyoiku-kenkou_r8.pdf,441
広島大,01m-suugaku5.pdf,1260
広島大,01sougoukagakubu-p-m_r7.pdf,431
広島大,01sougoukagakubu1-m_r7.pdf,457
広島大,02_11bungakubu_seiyoutetsugaku_ks_r8.pdf,192
広島大,02_11m_seiyoutetsugaku_r8.pdf,378
広島大,02_12indiateysugaku_bukkyougaku-ks_r7.pdf,230
広島大,02_12indiateysugaku_bukkyougaku-m_r7.pdf,371
広島大,02_13bungakubu_rinrigaku_ks_r8.pdf,616
広島大,02_13m_rinrigaku_r8.pdf,420
広島大,02_13rinrigaku-ks_r7.pdf,220
広島大,02_13rinrigaku-m_r7.pdf,372
広島大,02_14bungakubu_chugokushisoubunkagaku_ks_r8.pdf,386
広島大,02_14m_chugokushisoubunkagaku_r8.pdf,448
広島大,02_15bungakubu_nihonshigaku_ks_r8.pdf,203
広島大,02_15m_nihonshigaku_r8.pdf,380
広島大,02_15nihonshigaku-ks_r7.pdf,392
広島大,02_15nihonshigaku-m_r7.pdf,425
広島大,02_16bungakubu_toyoshigaku_ks_r8.pdf,261
広島大,02_16m_toyoshigaku_r8.pdf,390
広島大,02_16toyoshigaku-ks_r7.pdf,213
広島大,02_16toyoshigaku-m_r7.pdf,367
広島大,02_17bungakubu_seiyoushigaku_ks_r8.pdf,201
広島大,02_17m_seiyoushigaku_r8.pdf,394
広島大,02_17seiyoushigaku-ks_r7.pdf,254
広島大,02_17seiyoushigaku-m_r7.pdf,428
広島大,02_18bungakubu_chirigaku_ks_r8.pdf,451
広島大,02_18chirigaku-ks_r7.pdf,556
広島大,02_18chirigaku-m_r7.pdf,443
広島大,02_18m_chirigaku_r8.pdf,440
広島大,02_19bungakubu_koukogaku_ks_r8.pdf,484
広島大,02_19koukogaku-ks_r7.pdf,319
広島大,02_19koukogaku-m_r7.pdf,419
広島大,02_19m_koukogaku_r8.pdf,402
広島大,02_20bungakubu_bunkazaigaku_ks_r8.pdf,265
広島大,02_20m_bunkazaigaku_r8.pdf,458
広島大,02_21bungakubu_nihonbungakugogaku_ks_r8.pdf,250
広島大,02_21m_nihonbungakugogaku_r8.pdf,440
広島大,02_21nihonbungakugogaku-ks_r7.pdf,239
広島大,02_21nihonbungakugogaku-m_r7.pdf,450
広島大,02_23eibeibungakugogaku-ks_r7.pdf,212
広島大,02_23eibeibungakugogaku-m_r7.pdf,412
広島大,02_26bungakubu_gengogaku_ks_r8.pdf,335
広島大,02_26gengogaku-ks_r7.pdf,454
広島大,02_26gengogaku-m_r7.pdf,429
広島大,02_26m_gengogaku_r8.pdf,411
広島大,02kk-kyoiku-kyoiku_r7.pdf,156
広島大,02kk-kyoiku-kyoiku_r8.pdf,172
広島大,02km-kyoiku-kyoiku_r7.pdf,410
広島大,02km-kyoiku-kyoiku_r8.pdf,400
広島大,02m-suugaku6.pdf,1352
広島大,03-15kyoikugakubu_kyoiku-ks_r7.pdf,193
広島大,03_03kyoikugakubu_rika-ks_r7.pdf,340
広島大,03_03kyoikugakubu_rika-ks_r8.pdf,354
広島大,03_03kyoikugakubu_rika-m_r7.pdf,922
広島大,03_03kyoikugakubu_rika-m_r8.pdf,908
広島大,03_07kyoiku_kokugo-m_r7.pdf,776
広島大,03_07kyoiku_kokugo-m_r8.pdf,865
広島大,03_07kyoikugakubu_kokugo-ks_r7.pdf,268
広島大,03_07kyoikugakubu_kokugo-ks_r8.pdf,202
広島大,03_09kyoikugakubu_nihongo-1m_r8.pdf,1388
広島大,03_09kyoikugakubu_nihongo-ks_r7.pdf,303
広島大,03_09kyoikugakubu_nihongo-ks_r8.pdf,411
広島大,03_09kyoikugakubu_nihongo-m_r7.pdf,750
広島大,03_10kyoikugakubu_tabunka-1m_r8_0.pdf,958
広島大,03_10kyoikugakubu_tabunka-IBm_r7.pdf,890
広島大,03_10kyoikugakubu_tabunka-ibm_r8.pdf,1004
広島大,03_10kyoikugakubu_tabunka1-m_r7.pdf,762
広島大,03_10kyoikugakubu_tabunka_1-ks_r7.pdf,264
広島大,03_10kyoikugakubu_tabunka_1-ks_r8.pdf,281
広島大,03_10kyoikugakubu_tabunka_IB-ks_r7.pdf,346
広島大,03_10kyoikugakubu_tabunka_IB-ks_r8.pdf,481
広島大,03_13kyoikugakubu_bijyutsu-m.pdf,897
広島大,03_15kyoikugakubu_kyoiku-ks_r8.pdf,195
広島大,03_15kyoikugakubu_kyoiku-m_r7.pdf,450
広島大,03_15kyoikugakubu_kyoiku-m_r8.pdf,488
広島大,03_16kyoikugakubu_ongaku-jitsugi-m.pdf,263
広島大,03kk-kyoiku-shinri_r7.pdf,200
広島大,03kk-kyoiku-shinri_r8.pdf,190
広島大,03km-kyoiku-shinri_r7.pdf,1309
広島大,03km-kyoiku-shinri_r8.pdf,1073
広島大,03m-syoronbun.pdf,1130
広島大,04_01hougakubu-ks_r7_0.pdf,510
広島大,04_01hougakubu-ks_r8.pdf,565
広島大,04_02hougakubu-s-ks_r7.pdf,510
広島大,04_02hougakubu-s-ks_r8.pdf,564
広島大,04_03hougakubu-p-ks_r7.pdf,511
広島大,04_03hougakubu-p-ks_r8.pdf,567
広島大,04_hougakubu-m_r8.pdf,1073
広島大,04_hougakubu-m_r8_0.pdf,1073
広島大,04hougakubu-m_r7.pdf,844
広島大,04hougakubu-m_r7_0.pdf,844
広島大,04hougakubu-m_r7_1.pdf,844
広島大,04kk-hougaku_r7.pdf,710
広島大,04km-hougaku_r7.pdf,1174
広島大,04m-kokugo-kindai.pdf,2126
広島大,05_01keizaigakubu-s-ks_r7.pdf,218
広島大,05_02keizaigakubu-p-ks_r7.pdf,219
広島大,05_02keizaigakubu-s-ks_r8.pdf,213
広島大,05_03keizaigakubu-p-ks_r8.pdf,214
広島大,05_keizaigakubu-m_r8.pdf,568
広島大,05_keizaigakubu-m_r8_0.pdf,568
広島大,05keizaigakubu-m_r7.pdf,471
広島大,05keizaigakubu-m_r7_0.pdf,471
広島大,05kk-keizai_r7.pdf,246
広島大,05kk-keizai_r8.pdf,192
広島大,05km-keizaii_r7.pdf,897
広島大,05km-keizaii_r8.pdf,718
広島大,05m-kokugo-koten.pdf,2162
広島大,06_01rigakubu_suugaku-ks_r7.pdf,182
広島大,06_01rigakubu_suugaku-m_r7.pdf,1437
広島大,06_01rigakubu_suugaku-m_r7_0.pdf,1437
広島大,06_01rigakubu_suugaku-m_r8.pdf,756
広島大,06_02rigakubu_suugaku-IB-ks_r7.pdf,185
広島大,06_rigakubu_suugaku-ks_r8.pdf,259
広島大,06kk-rigaku-suugaku_r7.pdf,193
広島大,06kk-rigaku-suugaku_r8.pdf,216
広島大,06km-rigaku-suugaku_r7.pdf,1370
広島大,06km-rigaku-suugaku_r8.pdf,1851
広島大,06m-rika.pdf,298
広島大,07_01igakubu_igakka-ks_r7.pdf,1070
広島大,07_01igakubu_igakka-ks_r8.pdf,1154
広島大,07_01igakubu_igakka-m_r7.pdf,1078
広島大,07_01igakubu_igakka-m_r8.pdf,1255
広島大,07_02igakubu_hoken-ks_r7.pdf,291
広島大,07_02igakubu_hoken-ks_r8.pdf,262
広島大,07_02igakubu_hoken-m_r7.pdf,365
広島大,07_02igakubu_hoken-m_r8.pdf,379
広島大,07kk-rigaku-butsuri_r7.pdf,303
広島大,07kk-rigaku-butsuri_r8.pdf,1640
広島大,07km-rigaku-butsuri_r7.pdf,2007
広島大,07km-rigaku-butsuri_r8.pdf,2075
広島大,07m-butsuri.pdf,2410
広島大,07m-butsuri_0.pdf,825
広島大,08_01shigakubu_shigaku-ks_r7.pdf,482
広島大,08_01shigakubu_shigaku-ks_r8.pdf,458
広島大,08_01shigakubu_shigaku-m_r7.pdf,545
広島大,08_01shigakubu_shigaku-m_r8.pdf,629
広島大,08_02shigakubu_koukuu-ks_r7.pdf,341
