source_pdf_url,saved_path,status
https://www.u-tokyo.ac.jp/content/400239115.pdf,downloads/www.u-tokyo.ac.jp/400239115.pdf,ok:701KB
https://www.u-tokyo.ac.jp/content/400239116.pdf,downloads/www.u-tokyo.ac.jp/400239116.pdf,ok:619KB
https://www.u-tokyo.ac.jp/content/400239117.pdf,downloads/www.u-tokyo.ac.jp/400239117.pdf,ok:780KB
https://www.u-tokyo.ac.jp/content/400239118.pdf,downloads/www.u-tokyo.ac.jp/400239118.pdf,ok:865KB
https://www.u-tokyo.ac.jp/content/400239119.pdf,downloads/www.u-tokyo.ac.jp/400239119.pdf,ok:3424KB
https://www.u-tokyo.ac.jp/content/400239120.pdf,downloads/www.u-tokyo.ac.jp/400239120.pdf,ok:2934KB
https://www.u-tokyo.ac.jp/content/400239121.pdf,downloads/www.u-tokyo.ac.jp/400239121.pdf,ok:53KB
https://www.u-tokyo.ac.jp/content/400239122.pdf,downloads/www.u-tokyo.ac.jp/400239122.pdf,ok:59KB
https://www.u-tokyo.ac.jp/content/400239123.pdf,downloads/www.u-tokyo.ac.jp/400239123.pdf,ok:49KB
https://www.u-tokyo.ac.jp/content/400239124.pdf,downloads/www.u-tokyo.ac.jp/400239124.pdf,ok:47KB
https://www.u-tokyo.ac.jp/content/400239125.pdf,downloads/www.u-tokyo.ac.jp/400239125.pdf,ok:62KB
https://www.u-tokyo.ac.jp/content/400239126.pdf,downloads/www.u-tokyo.ac.jp/400239126.pdf,ok:50KB
https://www.u-tokyo.ac.jp/content/400239127.pdf,downloads/www.u-tokyo.ac.jp/400239127.pdf,ok:53KB
https://www.u-tokyo.ac.jp/content/400239128.pdf,downloads/www.u-tokyo.ac.jp/400239128.pdf,ok:59KB
https://www.u-tokyo.ac.jp/content/400239129.pdf,downloads/www.u-tokyo.ac.jp/400239129.pdf,ok:49KB
https://www.u-tokyo.ac.jp/content/400239130.pdf,downloads/www.u-tokyo.ac.jp/400239130.pdf,ok:47KB
https://www.u-tokyo.ac.jp/content/400239131.pdf,downloads/www.u-tokyo.ac.jp/400239131.pdf,ok:62KB
https://juken.hit-u.ac.jp/admission/info/files/R6nyushimiss.pdf,downloads/juken.hit-u.ac.jp/R6nyushimiss.pdf,ok:190KB
https://juken.hit-u.ac.jp/admission/exam/files/R3senbatsu.pdf,,error:HTTP Error 404: Not Found
https://juken.hit-u.ac.jp/admission/exam/files/R3ippan_youkou.pdf,,error:HTTP Error 404: Not Found
https://juken.hit-u.ac.jp/admission/exam/files/R3ippanntokureihaitenn.pdf,,error:HTTP Error 404: Not Found
https://juken.hit-u.ac.jp/admission/exam/files/R3suisen_youkou2.pdf,,error:HTTP Error 404: Not Found
https://juken.hit-u.ac.jp/admission/exam/files/R3suisen_form.pdf,,error:HTTP Error 404: Not Found
https://juken.hit-u.ac.jp/admission/exam/files/R3suisen_jikosuisen_form.pdf,,error:HTTP Error 404: Not Found
https://juken.hit-u.ac.jp/admission/exam/files/R3suisentokureihaitenn.pdf,,error:HTTP Error 404: Not Found
https://juken.hit-u.ac.jp/admission/exam/files/R3gaikoku_youkou.pdf,,error:HTTP Error 404: Not Found
https://juken.hit-u.ac.jp/admission/exam/files/R3gaikoku_rirekisyo.pdf,,error:HTTP Error 404: Not Found
https://juken.hit-u.ac.jp/admission/exam/files/R3gaikoku_kaigaizairyu.pdf,,error:HTTP Error 404: Not Found
https://juken.hit-u.ac.jp/admission/exam/files/R3ryuugaku_youkou.pdf,,error:HTTP Error 404: Not Found
https://juken.hit-u.ac.jp/admission/exam/files/R3ryuugaku_rirekisyo.pdf,,error:HTTP Error 404: Not Found
https://juken.hit-u.ac.jp/admission/exam/files/R3ryuugaku_keihifutan.pdf,,error:HTTP Error 404: Not Found
https://juken.hit-u.ac.jp/admission/exam/files/R7ippan_youkou.pdf,downloads/juken.hit-u.ac.jp/R7ippan_youkou.pdf,ok:1641KB
https://juken.hit-u.ac.jp/admission/exam/files/R7_kyoutsuutesuto_nyuushitsujikokuhenkou.pdf,downloads/juken.hit-u.ac.jp/R7_kyoutsuutesuto_nyuushitsujikokuhenkou.pdf,ok:254KB
https://juken.hit-u.ac.jp/admission/exam/files/R8_juken_caution.pdf,downloads/juken.hit-u.ac.jp/R8_juken_caution.pdf,ok:310KB
https://juken.hit-u.ac.jp/admission/exam/files/R4exam_caution_covid19.pdf,downloads/juken.hit-u.ac.jp/R4exam_caution_covid19.pdf,ok:307KB
https://juken.hit-u.ac.jp/admission/exam/files/R4make-up_exam_ippan.pdf,,error:<urlopen error [Errno 104] Connection reset by peer>
https://juken.hit-u.ac.jp/admission/exam/files/R4caution1.pdf,downloads/juken.hit-u.ac.jp/R4caution1.pdf,ok:413KB
https://juken.hit-u.ac.jp/admission/exam/files/R4kenteiryo_henkan_notification.pdf,downloads/juken.hit-u.ac.jp/R4kenteiryo_henkan_notification.pdf,ok:100KB
https://juken.hit-u.ac.jp/admission/exam/files/R4jukenkikai.pdf,downloads/juken.hit-u.ac.jp/R4jukenkikai.pdf,ok:63KB
https://www.hiroshima-u.ac.jp/system/files/239964/gakkoumeisentaku_Japanese2024.pdf,downloads/www.hiroshima-u.ac.jp/gakkoumeisentaku_Japanese2024.pdf,ok:341KB
https://www.hiroshima-u.ac.jp/system/files/239965/photo_upload_2024.pdf,downloads/www.hiroshima-u.ac.jp/photo_upload_2024.pdf,ok:580KB
https://www.hiroshima-u.ac.jp/system/files/272876/How%20to%20check%20the%20Examinee%26%23039%3Bs%20Number%20and%20the%20Examination%20Card_2026%201017.pdf,downloads/www.hiroshima-u.ac.jp/How to check the Examinee&#039;s Number and the Examination Card_2026 1017.pdf,ok:351KB
https://www.hiroshima-u.ac.jp/system/files/239967/menjo_2024.pdf,downloads/www.hiroshima-u.ac.jp/menjo_2024.pdf,ok:358KB
https://www.hiroshima-u.ac.jp/system/files/283162/01m-suugaku5.pdf,downloads/www.hiroshima-u.ac.jp/01m-suugaku5.pdf,ok:1260KB
https://www.hiroshima-u.ac.jp/system/files/283163/02m-suugaku6.pdf,downloads/www.hiroshima-u.ac.jp/02m-suugaku6.pdf,ok:1352KB
https://www.hiroshima-u.ac.jp/system/files/283164/04m-kokugo-kindai.pdf,downloads/www.hiroshima-u.ac.jp/04m-kokugo-kindai.pdf,ok:2126KB
https://www.hiroshima-u.ac.jp/system/files/283314/05m-kokugo-koten.pdf,downloads/www.hiroshima-u.ac.jp/05m-kokugo-koten.pdf,ok:2162KB
https://www.hiroshima-u.ac.jp/system/files/283447/06m-rika.pdf,downloads/www.hiroshima-u.ac.jp/06m-rika.pdf,ok:298KB
https://www.hiroshima-u.ac.jp/system/files/283200/07m-butsuri_0.pdf,downloads/www.hiroshima-u.ac.jp/07m-butsuri_0.pdf,ok:825KB
https://www.hiroshima-u.ac.jp/system/files/283201/08m-kagaku_0.pdf,downloads/www.hiroshima-u.ac.jp/08m-kagaku_0.pdf,ok:908KB
https://www.hiroshima-u.ac.jp/system/files/283317/09_01m-seibutsu.pdf,downloads/www.hiroshima-u.ac.jp/09_01m-seibutsu.pdf,ok:84KB
https://www.hiroshima-u.ac.jp/system/files/283194/09m-seibutsu.pdf,downloads/www.hiroshima-u.ac.jp/09m-seibutsu.pdf,ok:2682KB
https://www.hiroshima-u.ac.jp/system/files/283199/10m-chigaku.pdf,downloads/www.hiroshima-u.ac.jp/10m-chigaku.pdf,ok:2064KB
https://www.hiroshima-u.ac.jp/system/files/283318/11m-eigo.pdf,downloads/www.hiroshima-u.ac.jp/11m-eigo.pdf,ok:1506KB
https://www.hiroshima-u.ac.jp/system/files/283386/13_01m-chugokugo.pdf,downloads/www.hiroshima-u.ac.jp/13_01m-chugokugo.pdf,ok:81KB
https://www.hiroshima-u.ac.jp/system/files/283411/13m-chugokugo.pdf,downloads/www.hiroshima-u.ac.jp/13m-chugokugo.pdf,ok:2629KB
https://www.hiroshima-u.ac.jp/system/files/283174/03m-syoronbun.pdf,downloads/www.hiroshima-u.ac.jp/03m-syoronbun.pdf,ok:1130KB
https://www.hiroshima-u.ac.jp/system/files/294630/16Zm-kyoikugakubu_ongaku-jitsugi.pdf,downloads/www.hiroshima-u.ac.jp/16Zm-kyoikugakubu_ongaku-jitsugi.pdf,ok:223KB
https://www.hiroshima-u.ac.jp/system/files/294485/15Zm-kyoikugakubu_bijyutsu-jitsugi.pdf,downloads/www.hiroshima-u.ac.jp/15Zm-kyoikugakubu_bijyutsu-jitsugi.pdf,ok:287KB
https://www.hiroshima-u.ac.jp/system/files/283175/z01k-suugaku5.pdf,downloads/www.hiroshima-u.ac.jp/z01k-suugaku5.pdf,ok:230KB
https://www.hiroshima-u.ac.jp/system/files/283176/z02k-suugaku6.pdf,downloads/www.hiroshima-u.ac.jp/z02k-suugaku6.pdf,ok:251KB
https://www.hiroshima-u.ac.jp/system/files/283177/z04k-kokugo-kindai.pdf,downloads/www.hiroshima-u.ac.jp/z04k-kokugo-kindai.pdf,ok:830KB
https://www.hiroshima-u.ac.jp/system/files/283323/z05k-kokugo-koten_0.pdf,downloads/www.hiroshima-u.ac.jp/z05k-kokugo-koten_0.pdf,ok:978KB
https://www.hiroshima-u.ac.jp/system/files/283179/z07k-butsuri.pdf,downloads/www.hiroshima-u.ac.jp/z07k-butsuri.pdf,ok:707KB
https://www.hiroshima-u.ac.jp/system/files/283180/z08k-kagaku.pdf,downloads/www.hiroshima-u.ac.jp/z08k-kagaku.pdf,ok:839KB
https://www.hiroshima-u.ac.jp/system/files/283321/z09k-seibutsu.pdf,downloads/www.hiroshima-u.ac.jp/z09k-seibutsu.pdf,ok:1923KB
https://www.hiroshima-u.ac.jp/system/files/283324/z10k-chigaku_0.pdf,downloads/www.hiroshima-u.ac.jp/z10k-chigaku_0.pdf,ok:801KB
https://www.hiroshima-u.ac.jp/system/files/283183/z11k-eigo.pdf,downloads/www.hiroshima-u.ac.jp/z11k-eigo.pdf,ok:809KB
https://www.hiroshima-u.ac.jp/system/files/283376/z13k-chugokugo.pdf,downloads/www.hiroshima-u.ac.jp/z13k-chugokugo.pdf,ok:2036KB
https://www.hiroshima-u.ac.jp/system/files/283184/z03k-syoronbun.pdf,downloads/www.hiroshima-u.ac.jp/z03k-syoronbun.pdf,ok:296KB
https://www.hiroshima-u.ac.jp/system/files/284185/01km-kyoiku-kenkou_r8.pdf,downloads/www.hiroshima-u.ac.jp/01km-kyoiku-kenkou_r8.pdf,ok:441KB
https://www.hiroshima-u.ac.jp/system/files/294399/00K-kyoikugakubu_bijyutsu-jitsugi.pdf.pdf,downloads/www.hiroshima-u.ac.jp/00K-kyoikugakubu_bijyutsu-jitsugi.pdf.pdf,ok:176KB
https://www.hiroshima-u.ac.jp/system/files/284186/02km-kyoiku-kyoiku_r8.pdf,downloads/www.hiroshima-u.ac.jp/02km-kyoiku-kyoiku_r8.pdf,ok:400KB
https://www.hiroshima-u.ac.jp/system/files/284401/03km-kyoiku-shinri_r8.pdf,downloads/www.hiroshima-u.ac.jp/03km-kyoiku-shinri_r8.pdf,ok:1073KB
https://www.hiroshima-u.ac.jp/system/files/284188/05km-keizaii_r8.pdf,downloads/www.hiroshima-u.ac.jp/05km-keizaii_r8.pdf,ok:718KB
https://www.hiroshima-u.ac.jp/system/files/284189/06km-rigaku-suugaku_r8.pdf,downloads/www.hiroshima-u.ac.jp/06km-rigaku-suugaku_r8.pdf,ok:1851KB
https://www.hiroshima-u.ac.jp/system/files/284190/07km-rigaku-butsuri_r8.pdf,downloads/www.hiroshima-u.ac.jp/07km-rigaku-butsuri_r8.pdf,ok:2075KB
https://www.hiroshima-u.ac.jp/system/files/284191/08km-sigaku_r8.pdf,downloads/www.hiroshima-u.ac.jp/08km-sigaku_r8.pdf,ok:575KB
https://www.hiroshima-u.ac.jp/system/files/284192/01kk-kyoiku-kenkou_r8.pdf,downloads/www.hiroshima-u.ac.jp/01kk-kyoiku-kenkou_r8.pdf,ok:197KB
https://www.hiroshima-u.ac.jp/system/files/284250/02kk-kyoiku-kyoiku_r8.pdf,downloads/www.hiroshima-u.ac.jp/02kk-kyoiku-kyoiku_r8.pdf,ok:172KB
https://www.hiroshima-u.ac.jp/system/files/284400/03kk-kyoiku-shinri_r8.pdf,downloads/www.hiroshima-u.ac.jp/03kk-kyoiku-shinri_r8.pdf,ok:190KB
https://www.hiroshima-u.ac.jp/system/files/284195/05kk-keizai_r8.pdf,downloads/www.hiroshima-u.ac.jp/05kk-keizai_r8.pdf,ok:192KB
https://www.hiroshima-u.ac.jp/system/files/284196/06kk-rigaku-suugaku_r8.pdf,downloads/www.hiroshima-u.ac.jp/06kk-rigaku-suugaku_r8.pdf,ok:216KB
https://www.hiroshima-u.ac.jp/system/files/285111/07kk-rigaku-butsuri_r8.pdf,downloads/www.hiroshima-u.ac.jp/07kk-rigaku-butsuri_r8.pdf,ok:1640KB
https://www.hiroshima-u.ac.jp/system/files/284199/08kk-sigaku_r8.pdf,downloads/www.hiroshima-u.ac.jp/08kk-sigaku_r8.pdf,ok:575KB
https://www.hiroshima-u.ac.jp/system/files/276197/01_sougoukagakubu1-m_r8.pdf,downloads/www.hiroshima-u.ac.jp/01_sougoukagakubu1-m_r8.pdf,ok:448KB
https://www.hiroshima-u.ac.jp/system/files/276198/02_11m_seiyoutetsugaku_r8.pdf,downloads/www.hiroshima-u.ac.jp/02_11m_seiyoutetsugaku_r8.pdf,ok:378KB
https://www.hiroshima-u.ac.jp/system/files/276201/02_13m_rinrigaku_r8.pdf,downloads/www.hiroshima-u.ac.jp/02_13m_rinrigaku_r8.pdf,ok:420KB
https://www.hiroshima-u.ac.jp/system/files/276396/02_14m_chugokushisoubunkagaku_r8.pdf,downloads/www.hiroshima-u.ac.jp/02_14m_chugokushisoubunkagaku_r8.pdf,ok:448KB
https://www.hiroshima-u.ac.jp/system/files/276205/02_15m_nihonshigaku_r8.pdf,downloads/www.hiroshima-u.ac.jp/02_15m_nihonshigaku_r8.pdf,ok:380KB
https://www.hiroshima-u.ac.jp/system/files/276206/02_16m_toyoshigaku_r8.pdf,downloads/www.hiroshima-u.ac.jp/02_16m_toyoshigaku_r8.pdf,ok:390KB
https://www.hiroshima-u.ac.jp/system/files/276207/02_17m_seiyoushigaku_r8.pdf,downloads/www.hiroshima-u.ac.jp/02_17m_seiyoushigaku_r8.pdf,ok:394KB
https://www.hiroshima-u.ac.jp/system/files/276208/02_18m_chirigaku_r8.pdf,downloads/www.hiroshima-u.ac.jp/02_18m_chirigaku_r8.pdf,ok:440KB
https://www.hiroshima-u.ac.jp/system/files/276209/02_19m_koukogaku_r8.pdf,downloads/www.hiroshima-u.ac.jp/02_19m_koukogaku_r8.pdf,ok:402KB
https://www.hiroshima-u.ac.jp/system/files/276210/02_20m_bunkazaigaku_r8.pdf,downloads/www.hiroshima-u.ac.jp/02_20m_bunkazaigaku_r8.pdf,ok:458KB
https://www.hiroshima-u.ac.jp/system/files/276211/02_21m_nihonbungakugogaku_r8.pdf,downloads/www.hiroshima-u.ac.jp/02_21m_nihonbungakugogaku_r8.pdf,ok:440KB
https://www.hiroshima-u.ac.jp/system/files/276212/02_26m_gengogaku_r8.pdf,downloads/www.hiroshima-u.ac.jp/02_26m_gengogaku_r8.pdf,ok:411KB
https://www.hiroshima-u.ac.jp/system/files/276217/03_03kyoikugakubu_rika-m_r8.pdf,downloads/www.hiroshima-u.ac.jp/03_03kyoikugakubu_rika-m_r8.pdf,ok:908KB
https://www.hiroshima-u.ac.jp/system/files/276713/03_09kyoikugakubu_nihongo-1m_r8.pdf,downloads/www.hiroshima-u.ac.jp/03_09kyoikugakubu_nihongo-1m_r8.pdf,ok:1388KB
https://www.hiroshima-u.ac.jp/system/files/276983/03_10kyoikugakubu_tabunka-1m_r8_0.pdf,downloads/www.hiroshima-u.ac.jp/03_10kyoikugakubu_tabunka-1m_r8_0.pdf,ok:958KB
https://www.hiroshima-u.ac.jp/system/files/294632/03_16kyoikugakubu_ongaku-jitsugi-m.pdf,downloads/www.hiroshima-u.ac.jp/03_16kyoikugakubu_ongaku-jitsugi-m.pdf,ok:263KB
https://www.hiroshima-u.ac.jp/system/files/295150/03_13kyoikugakubu_bijyutsu-m.pdf,downloads/www.hiroshima-u.ac.jp/03_13kyoikugakubu_bijyutsu-m.pdf,ok:897KB
https://www.hiroshima-u.ac.jp/system/files/276220/03_15kyoikugakubu_kyoiku-m_r8.pdf,downloads/www.hiroshima-u.ac.jp/03_15kyoikugakubu_kyoiku-m_r8.pdf,ok:488KB
https://www.hiroshima-u.ac.jp/system/files/276223/04_hougakubu-m_r8.pdf,downloads/www.hiroshima-u.ac.jp/04_hougakubu-m_r8.pdf,ok:1073KB
https://www.hiroshima-u.ac.jp/system/files/276224/06_01rigakubu_suugaku-m_r8.pdf,downloads/www.hiroshima-u.ac.jp/06_01rigakubu_suugaku-m_r8.pdf,ok:756KB
https://www.hiroshima-u.ac.jp/system/files/276225/07_01igakubu_igakka-m_r8.pdf,downloads/www.hiroshima-u.ac.jp/07_01igakubu_igakka-m_r8.pdf,ok:1255KB
https://www.hiroshima-u.ac.jp/system/files/276226/07_02igakubu_hoken-m_r8.pdf,downloads/www.hiroshima-u.ac.jp/07_02igakubu_hoken-m_r8.pdf,ok:379KB
https://www.hiroshima-u.ac.jp/system/files/276227/08_01shigakubu_shigaku-m_r8.pdf,downloads/www.hiroshima-u.ac.jp/08_01shigakubu_shigaku-m_r8.pdf,ok:629KB
https://www.hiroshima-u.ac.jp/system/files/276228/08_02shigakubu_koukuu-m_r8.pdf,downloads/www.hiroshima-u.ac.jp/08_02shigakubu_koukuu-m_r8.pdf,ok:575KB
https://www.hiroshima-u.ac.jp/system/files/276229/10_02kougakubu_2-m_r8.pdf,downloads/www.hiroshima-u.ac.jp/10_02kougakubu_2-m_r8.pdf,ok:489KB
https://www.hiroshima-u.ac.jp/system/files/276230/10_02kougakubu_4-m_r8.pdf,downloads/www.hiroshima-u.ac.jp/10_02kougakubu_4-m_r8.pdf,ok:355KB
https://www.hiroshima-u.ac.jp/system/files/276403/11seibutuseisangakubu-m_r8.pdf,downloads/www.hiroshima-u.ac.jp/11seibutuseisangakubu-m_r8.pdf,ok:2241KB
https://www.hiroshima-u.ac.jp/system/files/276718/12jyohoukagakubu2-m_r8.pdf,downloads/www.hiroshima-u.ac.jp/12jyohoukagakubu2-m_r8.pdf,ok:1179KB
https://www.hiroshima-u.ac.jp/system/files/276773/03_10kyoikugakubu_tabunka-ibm_r8.pdf,downloads/www.hiroshima-u.ac.jp/03_10kyoikugakubu_tabunka-ibm_r8.pdf,ok:1004KB
https://www.hiroshima-u.ac.jp/system/files/276242/10_02kougakubu_2-m_r8.pdf,downloads/www.hiroshima-u.ac.jp/10_02kougakubu_2-m_r8.pdf,exists
https://www.hiroshima-u.ac.jp/system/files/276243/10_02kougakubu_3-m_r8.pdf,downloads/www.hiroshima-u.ac.jp/10_02kougakubu_3-m_r8.pdf,ok:509KB
https://www.hiroshima-u.ac.jp/system/files/276404/11seibutuseisangakubu-m_r8_0.pdf,downloads/www.hiroshima-u.ac.jp/11seibutuseisangakubu-m_r8_0.pdf,ok:2241KB
https://www.hiroshima-u.ac.jp/system/files/276719/12jyohoukagakubu2-m_r8_0.pdf,downloads/www.hiroshima-u.ac.jp/12jyohoukagakubu2-m_r8_0.pdf,ok:1179KB
https://www.hiroshima-u.ac.jp/system/files/276248/04_hougakubu-m_r8.pdf,downloads/www.hiroshima-u.ac.jp/04_hougakubu-m_r8.pdf,exists
https://www.hiroshima-u.ac.jp/system/files/276721/05_keizaigakubu-m_r8.pdf,downloads/www.hiroshima-u.ac.jp/05_keizaigakubu-m_r8.pdf,ok:568KB
https://www.hiroshima-u.ac.jp/system/files/276250/01_sougoukagakubu-p-m_r8.pdf,downloads/www.hiroshima-u.ac.jp/01_sougoukagakubu-p-m_r8.pdf,ok:436KB
https://www.hiroshima-u.ac.jp/system/files/276251/04_hougakubu-m_r8_0.pdf,downloads/www.hiroshima-u.ac.jp/04_hougakubu-m_r8_0.pdf,ok:1073KB
https://www.hiroshima-u.ac.jp/system/files/276722/05_keizaigakubu-m_r8_0.pdf,downloads/www.hiroshima-u.ac.jp/05_keizaigakubu-m_r8_0.pdf,ok:568KB
https://www.hiroshima-u.ac.jp/system/files/276720/12_02jyohoukagakubu-m_r8.pdf,downloads/www.hiroshima-u.ac.jp/12_02jyohoukagakubu-m_r8.pdf,ok:1476KB
https://www.hiroshima-u.ac.jp/system/files/276255/03_07kyoiku_kokugo-m_r8.pdf,downloads/www.hiroshima-u.ac.jp/03_07kyoiku_kokugo-m_r8.pdf,ok:865KB
https://www.hiroshima-u.ac.jp/system/files/276405/11seibutuseisangakubu-m_r8_1.pdf,downloads/www.hiroshima-u.ac.jp/11seibutuseisangakubu-m_r8_1.pdf,ok:2241KB
https://www.hiroshima-u.ac.jp/system/files/276723/01_01sougoukagakubu_1-ks_r8.pdf,downloads/www.hiroshima-u.ac.jp/01_01sougoukagakubu_1-ks_r8.pdf,ok:261KB
https://www.hiroshima-u.ac.jp/system/files/276724/02_11bungakubu_seiyoutetsugaku_ks_r8.pdf,downloads/www.hiroshima-u.ac.jp/02_11bungakubu_seiyoutetsugaku_ks_r8.pdf,ok:192KB
https://www.hiroshima-u.ac.jp/system/files/276725/02_13bungakubu_rinrigaku_ks_r8.pdf,downloads/www.hiroshima-u.ac.jp/02_13bungakubu_rinrigaku_ks_r8.pdf,ok:616KB
https://www.hiroshima-u.ac.jp/system/files/276726/02_14bungakubu_chugokushisoubunkagaku_ks_r8.pdf,downloads/www.hiroshima-u.ac.jp/02_14bungakubu_chugokushisoubunkagaku_ks_r8.pdf,ok:386KB
https://www.hiroshima-u.ac.jp/system/files/276727/02_15bungakubu_nihonshigaku_ks_r8.pdf,downloads/www.hiroshima-u.ac.jp/02_15bungakubu_nihonshigaku_ks_r8.pdf,ok:203KB
https://www.hiroshima-u.ac.jp/system/files/276728/02_16bungakubu_toyoshigaku_ks_r8.pdf,downloads/www.hiroshima-u.ac.jp/02_16bungakubu_toyoshigaku_ks_r8.pdf,ok:261KB
https://www.hiroshima-u.ac.jp/system/files/276729/02_17bungakubu_seiyoushigaku_ks_r8.pdf,downloads/www.hiroshima-u.ac.jp/02_17bungakubu_seiyoushigaku_ks_r8.pdf,ok:201KB
https://www.hiroshima-u.ac.jp/system/files/276730/02_18bungakubu_chirigaku_ks_r8.pdf,downloads/www.hiroshima-u.ac.jp/02_18bungakubu_chirigaku_ks_r8.pdf,ok:451KB
https://www.hiroshima-u.ac.jp/system/files/276731/02_19bungakubu_koukogaku_ks_r8.pdf,downloads/www.hiroshima-u.ac.jp/02_19bungakubu_koukogaku_ks_r8.pdf,ok:484KB
https://www.hiroshima-u.ac.jp/system/files/276732/02_20bungakubu_bunkazaigaku_ks_r8.pdf,downloads/www.hiroshima-u.ac.jp/02_20bungakubu_bunkazaigaku_ks_r8.pdf,ok:265KB
https://www.hiroshima-u.ac.jp/system/files/276733/02_21bungakubu_nihonbungakugogaku_ks_r8.pdf,downloads/www.hiroshima-u.ac.jp/02_21bungakubu_nihonbungakugogaku_ks_r8.pdf,ok:250KB
https://www.hiroshima-u.ac.jp/system/files/276734/02_26bungakubu_gengogaku_ks_r8.pdf,downloads/www.hiroshima-u.ac.jp/02_26bungakubu_gengogaku_ks_r8.pdf,ok:335KB
https://www.hiroshima-u.ac.jp/system/files/276735/03_03kyoikugakubu_rika-ks_r8.pdf,downloads/www.hiroshima-u.ac.jp/03_03kyoikugakubu_rika-ks_r8.pdf,ok:354KB
https://www.hiroshima-u.ac.jp/system/files/276736/03_09kyoikugakubu_nihongo-ks_r8.pdf,downloads/www.hiroshima-u.ac.jp/03_09kyoikugakubu_nihongo-ks_r8.pdf,ok:411KB
https://www.hiroshima-u.ac.jp/system/files/276737/03_10kyoikugakubu_tabunka_1-ks_r8.pdf,downloads/www.hiroshima-u.ac.jp/03_10kyoikugakubu_tabunka_1-ks_r8.pdf,ok:281KB
https://www.hiroshima-u.ac.jp/system/files/276738/03_15kyoikugakubu_kyoiku-ks_r8.pdf,downloads/www.hiroshima-u.ac.jp/03_15kyoikugakubu_kyoiku-ks_r8.pdf,ok:195KB
https://www.hiroshima-u.ac.jp/system/files/276739/04_01hougakubu-ks_r8.pdf,downloads/www.hiroshima-u.ac.jp/04_01hougakubu-ks_r8.pdf,ok:565KB
https://www.hiroshima-u.ac.jp/system/files/276984/06_rigakubu_suugaku-ks_r8.pdf,downloads/www.hiroshima-u.ac.jp/06_rigakubu_suugaku-ks_r8.pdf,ok:259KB
https://www.hiroshima-u.ac.jp/system/files/276985/07_01igakubu_igakka-ks_r8.pdf,downloads/www.hiroshima-u.ac.jp/07_01igakubu_igakka-ks_r8.pdf,ok:1154KB
https://www.hiroshima-u.ac.jp/system/files/276742/07_02igakubu_hoken-ks_r8.pdf,downloads/www.hiroshima-u.ac.jp/07_02igakubu_hoken-ks_r8.pdf,ok:262KB
https://www.hiroshima-u.ac.jp/system/files/276743/08_01shigakubu_shigaku-ks_r8.pdf,downloads/www.hiroshima-u.ac.jp/08_01shigakubu_shigaku-ks_r8.pdf,ok:458KB
https://www.hiroshima-u.ac.jp/system/files/276744/08_02shigakubu_koukuu-ks_r8.pdf,downloads/www.hiroshima-u.ac.jp/08_02shigakubu_koukuu-ks_r8.pdf,ok:247KB
https://www.hiroshima-u.ac.jp/system/files/276745/10_02kougakubu_2-ks_r8.pdf,downloads/www.hiroshima-u.ac.jp/10_02kougakubu_2-ks_r8.pdf,ok:219KB
https://www.hiroshima-u.ac.jp/system/files/276746/10_04kougakubu_4-ks_r8.pdf,downloads/www.hiroshima-u.ac.jp/10_04kougakubu_4-ks_r8.pdf,ok:212KB
https://www.hiroshima-u.ac.jp/system/files/276747/11_1seibutuseisangakubu-ks_r8.pdf,downloads/www.hiroshima-u.ac.jp/11_1seibutuseisangakubu-ks_r8.pdf,ok:691KB
https://www.hiroshima-u.ac.jp/system/files/276748/12_1jyohoukagakubu2-ks_r8.pdf,downloads/www.hiroshima-u.ac.jp/12_1jyohoukagakubu2-ks_r8.pdf,ok:533KB
https://www.hiroshima-u.ac.jp/system/files/276749/03_10kyoikugakubu_tabunka_IB-ks_r8.pdf,downloads/www.hiroshima-u.ac.jp/03_10kyoikugakubu_tabunka_IB-ks_r8.pdf,ok:481KB
https://www.hiroshima-u.ac.jp/system/files/276750/10_02_kougakubu_2-IB-ks_r8.pdf,downloads/www.hiroshima-u.ac.jp/10_02_kougakubu_2-IB-ks_r8.pdf,ok:222KB
https://www.hiroshima-u.ac.jp/system/files/276751/10_03kougakubu_3-IBks_r8.pdf,downloads/www.hiroshima-u.ac.jp/10_03kougakubu_3-IBks_r8.pdf,ok:364KB
https://www.hiroshima-u.ac.jp/system/files/276752/11_3seibutuseisangakubu-IB-ks_r8.pdf,downloads/www.hiroshima-u.ac.jp/11_3seibutuseisangakubu-IB-ks_r8.pdf,ok:693KB
https://www.hiroshima-u.ac.jp/system/files/276753/12_2jyohoukagakubu-IB-ks_r8.pdf,downloads/www.hiroshima-u.ac.jp/12_2jyohoukagakubu-IB-ks_r8.pdf,ok:535KB
https://www.hiroshima-u.ac.jp/system/files/276754/04_02hougakubu-s-ks_r8.pdf,downloads/www.hiroshima-u.ac.jp/04_02hougakubu-s-ks_r8.pdf,ok:564KB
https://www.hiroshima-u.ac.jp/system/files/276755/05_02keizaigakubu-s-ks_r8.pdf,downloads/www.hiroshima-u.ac.jp/05_02keizaigakubu-s-ks_r8.pdf,ok:213KB
https://www.hiroshima-u.ac.jp/system/files/276756/01_02sougoukagakubu_p-ks_r8.pdf,downloads/www.hiroshima-u.ac.jp/01_02sougoukagakubu_p-ks_r8.pdf,ok:219KB
https://www.hiroshima-u.ac.jp/system/files/276757/04_03hougakubu-p-ks_r8.pdf,downloads/www.hiroshima-u.ac.jp/04_03hougakubu-p-ks_r8.pdf,ok:567KB
https://www.hiroshima-u.ac.jp/system/files/276758/05_03keizaigakubu-p-ks_r8.pdf,downloads/www.hiroshima-u.ac.jp/05_03keizaigakubu-p-ks_r8.pdf,ok:214KB
https://www.hiroshima-u.ac.jp/system/files/278595/12_2jyohoukagakubu-1-ks_r8.pdf,downloads/www.hiroshima-u.ac.jp/12_2jyohoukagakubu-1-ks_r8.pdf,ok:623KB
https://www.hiroshima-u.ac.jp/system/files/278631/bessi_20251224.pdf,downloads/www.hiroshima-u.ac.jp/bessi_20251224.pdf,ok:75KB
https://www.hiroshima-u.ac.jp/system/files/276760/03_07kyoikugakubu_kokugo-ks_r8.pdf,downloads/www.hiroshima-u.ac.jp/03_07kyoikugakubu_kokugo-ks_r8.pdf,ok:202KB
https://www.hiroshima-u.ac.jp/system/files/276761/11_4seibutuseisangakubu-suisen-ks_r8.pdf,downloads/www.hiroshima-u.ac.jp/11_4seibutuseisangakubu-suisen-ks_r8.pdf,ok:692KB
https://www.hiroshima-u.ac.jp/system/files/254217/01m-suugaku5.pdf,downloads/www.hiroshima-u.ac.jp/01m-suugaku5.pdf,exists
https://www.hiroshima-u.ac.jp/system/files/254218/02m-suugaku6.pdf,downloads/www.hiroshima-u.ac.jp/02m-suugaku6.pdf,exists
https://www.hiroshima-u.ac.jp/system/files/254437/04m-kokugo-kindai.pdf,downloads/www.hiroshima-u.ac.jp/04m-kokugo-kindai.pdf,exists
https://www.hiroshima-u.ac.jp/system/files/254329/05m-kokugo-koten.pdf,downloads/www.hiroshima-u.ac.jp/05m-kokugo-koten.pdf,exists
https://www.hiroshima-u.ac.jp/system/files/254463/06m-rika.pdf,downloads/www.hiroshima-u.ac.jp/06m-rika.pdf,exists
https://www.hiroshima-u.ac.jp/system/files/254223/07m-butsuri.pdf,downloads/www.hiroshima-u.ac.jp/07m-butsuri.pdf,ok:2410KB
https://www.hiroshima-u.ac.jp/system/files/254224/08m-kagaku.pdf,downloads/www.hiroshima-u.ac.jp/08m-kagaku.pdf,ok:3130KB
https://www.hiroshima-u.ac.jp/system/files/254225/09m-seibutsu.pdf,downloads/www.hiroshima-u.ac.jp/09m-seibutsu.pdf,exists
https://www.hiroshima-u.ac.jp/system/files/254226/10m-chigaku.pdf,downloads/www.hiroshima-u.ac.jp/10m-chigaku.pdf,exists
https://www.hiroshima-u.ac.jp/system/files/254227/11m1eigo.pdf,downloads/www.hiroshima-u.ac.jp/11m1eigo.pdf,ok:175KB
https://www.hiroshima-u.ac.jp/system/files/254742/11m-eigo.pdf,downloads/www.hiroshima-u.ac.jp/11m-eigo.pdf,exists
https://www.hiroshima-u.ac.jp/system/files/254330/14m-chugokugo.pdf,downloads/www.hiroshima-u.ac.jp/14m-chugokugo.pdf,ok:2458KB
https://www.hiroshima-u.ac.jp/system/files/254371/03m-syoronbun.pdf,downloads/www.hiroshima-u.ac.jp/03m-syoronbun.pdf,exists
https://www.hiroshima-u.ac.jp/system/files/266828/16Zm-kyoikugakubu_ongaku-jitsugi.pdf,downloads/www.hiroshima-u.ac.jp/16Zm-kyoikugakubu_ongaku-jitsugi.pdf,exists
https://www.hiroshima-u.ac.jp/system/files/259383/15Zm-kyoikugakubu_bijyutsu-jitsugi.pdf,downloads/www.hiroshima-u.ac.jp/15Zm-kyoikugakubu_bijyutsu-jitsugi.pdf,exists
https://www.hiroshima-u.ac.jp/system/files/254331/z01k-suugaku5.pdf,downloads/www.hiroshima-u.ac.jp/z01k-suugaku5.pdf,exists
https://www.hiroshima-u.ac.jp/system/files/254332/z02k-suugaku6.pdf,downloads/www.hiroshima-u.ac.jp/z02k-suugaku6.pdf,exists
https://www.hiroshima-u.ac.jp/system/files/254337/z04k-kokugo-kindai.pdf,downloads/www.hiroshima-u.ac.jp/z04k-kokugo-kindai.pdf,exists
https://www.hiroshima-u.ac.jp/system/files/254456/z05k-kokugo-koten.pdf,downloads/www.hiroshima-u.ac.jp/z05k-kokugo-koten.pdf,ok:729KB
https://www.hiroshima-u.ac.jp/system/files/254340/z07k-butsuri.pdf,downloads/www.hiroshima-u.ac.jp/z07k-butsuri.pdf,exists
https://www.hiroshima-u.ac.jp/system/files/254341/z08k-kagaku.pdf,downloads/www.hiroshima-u.ac.jp/z08k-kagaku.pdf,exists
https://www.hiroshima-u.ac.jp/system/files/254342/z09k-seibutsu.pdf,downloads/www.hiroshima-u.ac.jp/z09k-seibutsu.pdf,exists
https://www.hiroshima-u.ac.jp/system/files/254343/z10k-chigaku.pdf,downloads/www.hiroshima-u.ac.jp/z10k-chigaku.pdf,ok:1307KB
https://www.hiroshima-u.ac.jp/system/files/254344/z11k-eigo.pdf,downloads/www.hiroshima-u.ac.jp/z11k-eigo.pdf,exists
https://www.hiroshima-u.ac.jp/system/files/254374/z14k-chugokugo.pdf,downloads/www.hiroshima-u.ac.jp/z14k-chugokugo.pdf,ok:1705KB
https://www.hiroshima-u.ac.jp/system/files/254334/z03k-syoronbun.pdf,downloads/www.hiroshima-u.ac.jp/z03k-syoronbun.pdf,exists
https://www.hiroshima-u.ac.jp/system/files/254989/01km-kyoiku-kenkou_r7.pdf,downloads/www.hiroshima-u.ac.jp/01km-kyoiku-kenkou_r7.pdf,ok:469KB
https://www.hiroshima-u.ac.jp/system/files/258901/00K-kyoikugakubu_bijyutsu-jitsugi.pdf,downloads/www.hiroshima-u.ac.jp/00K-kyoikugakubu_bijyutsu-jitsugi.pdf,ok:398KB
https://www.hiroshima-u.ac.jp/system/files/254991/02km-kyoiku-kyoiku_r7.pdf,downloads/www.hiroshima-u.ac.jp/02km-kyoiku-kyoiku_r7.pdf,ok:410KB
https://www.hiroshima-u.ac.jp/system/files/254992/03km-kyoiku-shinri_r7.pdf,downloads/www.hiroshima-u.ac.jp/03km-kyoiku-shinri_r7.pdf,ok:1309KB
https://www.hiroshima-u.ac.jp/system/files/254994/04km-hougaku_r7.pdf,downloads/www.hiroshima-u.ac.jp/04km-hougaku_r7.pdf,ok:1174KB
https://www.hiroshima-u.ac.jp/system/files/255159/05km-keizaii_r7.pdf,downloads/www.hiroshima-u.ac.jp/05km-keizaii_r7.pdf,ok:897KB
https://www.hiroshima-u.ac.jp/system/files/254996/06km-rigaku-suugaku_r7.pdf,downloads/www.hiroshima-u.ac.jp/06km-rigaku-suugaku_r7.pdf,ok:1370KB
https://www.hiroshima-u.ac.jp/system/files/254998/07km-rigaku-butsuri_r7.pdf,downloads/www.hiroshima-u.ac.jp/07km-rigaku-butsuri_r7.pdf,ok:2007KB
https://www.hiroshima-u.ac.jp/system/files/255329/08km-sigaku_r7.pdf,downloads/www.hiroshima-u.ac.jp/08km-sigaku_r7.pdf,ok:605KB
https://www.hiroshima-u.ac.jp/system/files/255002/01kk-kyoiku-kenkou_r7.pdf,downloads/www.hiroshima-u.ac.jp/01kk-kyoiku-kenkou_r7.pdf,ok:229KB
https://www.hiroshima-u.ac.jp/system/files/255003/02kk-kyoiku-kyoiku_r7.pdf,downloads/www.hiroshima-u.ac.jp/02kk-kyoiku-kyoiku_r7.pdf,ok:156KB
https://www.hiroshima-u.ac.jp/system/files/255006/03kk-kyoiku-shinri_r7.pdf,downloads/www.hiroshima-u.ac.jp/03kk-kyoiku-shinri_r7.pdf,ok:200KB
https://www.hiroshima-u.ac.jp/system/files/255160/04kk-hougaku_r7.pdf,downloads/www.hiroshima-u.ac.jp/04kk-hougaku_r7.pdf,ok:710KB
https://www.hiroshima-u.ac.jp/system/files/255009/05kk-keizai_r7.pdf,downloads/www.hiroshima-u.ac.jp/05kk-keizai_r7.pdf,ok:246KB
https://www.hiroshima-u.ac.jp/system/files/255010/06kk-rigaku-suugaku_r7.pdf,downloads/www.hiroshima-u.ac.jp/06kk-rigaku-suugaku_r7.pdf,ok:193KB
https://www.hiroshima-u.ac.jp/system/files/255011/07kk-rigaku-butsuri_r7.pdf,downloads/www.hiroshima-u.ac.jp/07kk-rigaku-butsuri_r7.pdf,ok:303KB
https://www.hiroshima-u.ac.jp/system/files/255022/08kk-sigaku_r7.pdf,downloads/www.hiroshima-u.ac.jp/08kk-sigaku_r7.pdf,ok:589KB
https://www.hiroshima-u.ac.jp/system/files/248430/01sougoukagakubu1-m_r7.pdf,downloads/www.hiroshima-u.ac.jp/01sougoukagakubu1-m_r7.pdf,ok:457KB
https://www.hiroshima-u.ac.jp/system/files/248431/02_12indiateysugaku_bukkyougaku-m_r7.pdf,downloads/www.hiroshima-u.ac.jp/02_12indiateysugaku_bukkyougaku-m_r7.pdf,ok:371KB
https://www.hiroshima-u.ac.jp/system/files/248432/02_13rinrigaku-m_r7.pdf,downloads/www.hiroshima-u.ac.jp/02_13rinrigaku-m_r7.pdf,ok:372KB
https://www.hiroshima-u.ac.jp/system/files/248433/02_15nihonshigaku-m_r7.pdf,downloads/www.hiroshima-u.ac.jp/02_15nihonshigaku-m_r7.pdf,ok:425KB
https://www.hiroshima-u.ac.jp/system/files/248434/02_16toyoshigaku-m_r7.pdf,downloads/www.hiroshima-u.ac.jp/02_16toyoshigaku-m_r7.pdf,ok:367KB
https://www.hiroshima-u.ac.jp/system/files/248435/02_17seiyoushigaku-m_r7.pdf,downloads/www.hiroshima-u.ac.jp/02_17seiyoushigaku-m_r7.pdf,ok:428KB
https://www.hiroshima-u.ac.jp/system/files/248436/02_18chirigaku-m_r7.pdf,downloads/www.hiroshima-u.ac.jp/02_18chirigaku-m_r7.pdf,ok:443KB
https://www.hiroshima-u.ac.jp/system/files/248437/02_19koukogaku-m_r7.pdf,downloads/www.hiroshima-u.ac.jp/02_19koukogaku-m_r7.pdf,ok:419KB
https://www.hiroshima-u.ac.jp/system/files/248438/02_21nihonbungakugogaku-m_r7.pdf,downloads/www.hiroshima-u.ac.jp/02_21nihonbungakugogaku-m_r7.pdf,ok:450KB
https://www.hiroshima-u.ac.jp/system/files/248439/02_23eibeibungakugogaku-m_r7.pdf,downloads/www.hiroshima-u.ac.jp/02_23eibeibungakugogaku-m_r7.pdf,ok:412KB
https://www.hiroshima-u.ac.jp/system/files/248440/02_26gengogaku-m_r7.pdf,downloads/www.hiroshima-u.ac.jp/02_26gengogaku-m_r7.pdf,ok:429KB
https://www.hiroshima-u.ac.jp/system/files/248441/03_03kyoikugakubu_rika-m_r7.pdf,downloads/www.hiroshima-u.ac.jp/03_03kyoikugakubu_rika-m_r7.pdf,ok:922KB
https://www.hiroshima-u.ac.jp/system/files/248442/03_09kyoikugakubu_nihongo-m_r7.pdf,downloads/www.hiroshima-u.ac.jp/03_09kyoikugakubu_nihongo-m_r7.pdf,ok:750KB
https://www.hiroshima-u.ac.jp/system/files/248443/03_10kyoikugakubu_tabunka1-m_r7.pdf,downloads/www.hiroshima-u.ac.jp/03_10kyoikugakubu_tabunka1-m_r7.pdf,ok:762KB
https://www.hiroshima-u.ac.jp/system/files/266829/03_16kyoikugakubu_ongaku-jitsugi-m.pdf,downloads/www.hiroshima-u.ac.jp/03_16kyoikugakubu_ongaku-jitsugi-m.pdf,exists
https://www.hiroshima-u.ac.jp/system/files/258908/03_13kyoikugakubu_bijyutsu-m.pdf,downloads/www.hiroshima-u.ac.jp/03_13kyoikugakubu_bijyutsu-m.pdf,exists
https://www.hiroshima-u.ac.jp/system/files/248444/03_15kyoikugakubu_kyoiku-m_r7.pdf,downloads/www.hiroshima-u.ac.jp/03_15kyoikugakubu_kyoiku-m_r7.pdf,ok:450KB
https://www.hiroshima-u.ac.jp/system/files/248445/04hougakubu-m_r7.pdf,downloads/www.hiroshima-u.ac.jp/04hougakubu-m_r7.pdf,ok:844KB
https://www.hiroshima-u.ac.jp/system/files/248446/06_01rigakubu_suugaku-m_r7.pdf,downloads/www.hiroshima-u.ac.jp/06_01rigakubu_suugaku-m_r7.pdf,ok:1437KB
https://www.hiroshima-u.ac.jp/system/files/249382/07_01igakubu_igakka-m_r7.pdf,downloads/www.hiroshima-u.ac.jp/07_01igakubu_igakka-m_r7.pdf,ok:1078KB
https://www.hiroshima-u.ac.jp/system/files/248447/07_02igakubu_hoken-m_r7.pdf,downloads/www.hiroshima-u.ac.jp/07_02igakubu_hoken-m_r7.pdf,ok:365KB
https://www.hiroshima-u.ac.jp/system/files/248448/08_01shigakubu_shigaku-m_r7.pdf,downloads/www.hiroshima-u.ac.jp/08_01shigakubu_shigaku-m_r7.pdf,ok:545KB
https://www.hiroshima-u.ac.jp/system/files/248449/08_02shigakubu_koukuu-m_r7.pdf,downloads/www.hiroshima-u.ac.jp/08_02shigakubu_koukuu-m_r7.pdf,ok:515KB
https://www.hiroshima-u.ac.jp/system/files/248450/10_01kougakubu_1-m_r7.pdf,downloads/www.hiroshima-u.ac.jp/10_01kougakubu_1-m_r7.pdf,ok:632KB
https://www.hiroshima-u.ac.jp/system/files/248451/10_02kougakubu_2-m_r7.pdf,downloads/www.hiroshima-u.ac.jp/10_02kougakubu_2-m_r7.pdf,ok:498KB
https://www.hiroshima-u.ac.jp/system/files/248452/10_04kougakubu_4-m_r7.pdf,downloads/www.hiroshima-u.ac.jp/10_04kougakubu_4-m_r7.pdf,ok:377KB
https://www.hiroshima-u.ac.jp/system/files/248453/11seibutuseisangakubu-m_r7.pdf,downloads/www.hiroshima-u.ac.jp/11seibutuseisangakubu-m_r7.pdf,ok:3081KB
https://www.hiroshima-u.ac.jp/system/files/248454/12jyohoukagakubu2-m_r7.pdf,downloads/www.hiroshima-u.ac.jp/12jyohoukagakubu2-m_r7.pdf,ok:973KB
https://www.hiroshima-u.ac.jp/system/files/248455/03_10kyoikugakubu_tabunka-IBm_r7.pdf,downloads/www.hiroshima-u.ac.jp/03_10kyoikugakubu_tabunka-IBm_r7.pdf,ok:890KB
https://www.hiroshima-u.ac.jp/system/files/248457/06_01rigakubu_suugaku-m_r7_0.pdf,downloads/www.hiroshima-u.ac.jp/06_01rigakubu_suugaku-m_r7_0.pdf,ok:1437KB
https://www.hiroshima-u.ac.jp/system/files/248458/10_01kougakubu_1-m_r7_0.pdf,downloads/www.hiroshima-u.ac.jp/10_01kougakubu_1-m_r7_0.pdf,ok:632KB
https://www.hiroshima-u.ac.jp/system/files/248459/10_03kougakubu_3IBm_r7.pdf,downloads/www.hiroshima-u.ac.jp/10_03kougakubu_3IBm_r7.pdf,ok:1264KB
https://www.hiroshima-u.ac.jp/system/files/248461/12jyohoukagakubu2-m_r7_0.pdf,downloads/www.hiroshima-u.ac.jp/12jyohoukagakubu2-m_r7_0.pdf,ok:973KB
https://www.hiroshima-u.ac.jp/system/files/248462/04hougakubu-m_r7_0.pdf,downloads/www.hiroshima-u.ac.jp/04hougakubu-m_r7_0.pdf,ok:844KB
https://www.hiroshima-u.ac.jp/system/files/249292/05keizaigakubu-m_r7.pdf,downloads/www.hiroshima-u.ac.jp/05keizaigakubu-m_r7.pdf,ok:471KB
https://www.hiroshima-u.ac.jp/system/files/248466/01sougoukagakubu-p-m_r7.pdf,downloads/www.hiroshima-u.ac.jp/01sougoukagakubu-p-m_r7.pdf,ok:431KB
https://www.hiroshima-u.ac.jp/system/files/248467/04hougakubu-m_r7_1.pdf,downloads/www.hiroshima-u.ac.jp/04hougakubu-m_r7_1.pdf,ok:844KB
https://www.hiroshima-u.ac.jp/system/files/249293/05keizaigakubu-m_r7_0.pdf,downloads/www.hiroshima-u.ac.jp/05keizaigakubu-m_r7_0.pdf,ok:471KB
https://www.hiroshima-u.ac.jp/system/files/248471/12_02jyohoukagakubu-m_r7.pdf,downloads/www.hiroshima-u.ac.jp/12_02jyohoukagakubu-m_r7.pdf,ok:1547KB
https://www.hiroshima-u.ac.jp/system/files/248473/03_07kyoiku_kokugo-m_r7.pdf,downloads/www.hiroshima-u.ac.jp/03_07kyoiku_kokugo-m_r7.pdf,ok:776KB
https://www.hiroshima-u.ac.jp/system/files/248474/11seibutuseisangakubu-m_r7_0.pdf,downloads/www.hiroshima-u.ac.jp/11seibutuseisangakubu-m_r7_0.pdf,ok:3081KB
https://www.hiroshima-u.ac.jp/system/files/249296/01_01sougoukagakubu_1-ks_r7.pdf,downloads/www.hiroshima-u.ac.jp/01_01sougoukagakubu_1-ks_r7.pdf,ok:247KB
https://www.hiroshima-u.ac.jp/system/files/249297/02_12indiateysugaku_bukkyougaku-ks_r7.pdf,downloads/www.hiroshima-u.ac.jp/02_12indiateysugaku_bukkyougaku-ks_r7.pdf,ok:230KB
https://www.hiroshima-u.ac.jp/system/files/249298/02_13rinrigaku-ks_r7.pdf,downloads/www.hiroshima-u.ac.jp/02_13rinrigaku-ks_r7.pdf,ok:220KB
https://www.hiroshima-u.ac.jp/system/files/249299/02_15nihonshigaku-ks_r7.pdf,downloads/www.hiroshima-u.ac.jp/02_15nihonshigaku-ks_r7.pdf,ok:392KB
https://www.hiroshima-u.ac.jp/system/files/249300/02_16toyoshigaku-ks_r7.pdf,downloads/www.hiroshima-u.ac.jp/02_16toyoshigaku-ks_r7.pdf,ok:213KB
https://www.hiroshima-u.ac.jp/system/files/249301/02_17seiyoushigaku-ks_r7.pdf,downloads/www.hiroshima-u.ac.jp/02_17seiyoushigaku-ks_r7.pdf,ok:254KB
https://www.hiroshima-u.ac.jp/system/files/249302/02_18chirigaku-ks_r7.pdf,downloads/www.hiroshima-u.ac.jp/02_18chirigaku-ks_r7.pdf,ok:556KB
https://www.hiroshima-u.ac.jp/system/files/249303/02_19koukogaku-ks_r7.pdf,downloads/www.hiroshima-u.ac.jp/02_19koukogaku-ks_r7.pdf,ok:319KB
https://www.hiroshima-u.ac.jp/system/files/249304/02_21nihonbungakugogaku-ks_r7.pdf,downloads/www.hiroshima-u.ac.jp/02_21nihonbungakugogaku-ks_r7.pdf,ok:239KB
https://www.hiroshima-u.ac.jp/system/files/249305/02_23eibeibungakugogaku-ks_r7.pdf,downloads/www.hiroshima-u.ac.jp/02_23eibeibungakugogaku-ks_r7.pdf,ok:212KB
https://www.hiroshima-u.ac.jp/system/files/249389/02_26gengogaku-ks_r7.pdf,downloads/www.hiroshima-u.ac.jp/02_26gengogaku-ks_r7.pdf,ok:454KB
https://www.hiroshima-u.ac.jp/system/files/249308/03_03kyoikugakubu_rika-ks_r7.pdf,downloads/www.hiroshima-u.ac.jp/03_03kyoikugakubu_rika-ks_r7.pdf,ok:340KB
https://www.hiroshima-u.ac.jp/system/files/249309/03_09kyoikugakubu_nihongo-ks_r7.pdf,downloads/www.hiroshima-u.ac.jp/03_09kyoikugakubu_nihongo-ks_r7.pdf,ok:303KB
https://www.hiroshima-u.ac.jp/system/files/249310/03_10kyoikugakubu_tabunka_1-ks_r7.pdf,downloads/www.hiroshima-u.ac.jp/03_10kyoikugakubu_tabunka_1-ks_r7.pdf,ok:264KB
https://www.hiroshima-u.ac.jp/system/files/249311/03-15kyoikugakubu_kyoiku-ks_r7.pdf,downloads/www.hiroshima-u.ac.jp/03-15kyoikugakubu_kyoiku-ks_r7.pdf,ok:193KB
https://www.hiroshima-u.ac.jp/system/files/249315/04_01hougakubu-ks_r7_0.pdf,downloads/www.hiroshima-u.ac.jp/04_01hougakubu-ks_r7_0.pdf,ok:510KB
https://www.hiroshima-u.ac.jp/system/files/249316/06_01rigakubu_suugaku-ks_r7.pdf,downloads/www.hiroshima-u.ac.jp/06_01rigakubu_suugaku-ks_r7.pdf,ok:182KB
https://www.hiroshima-u.ac.jp/system/files/249323/07_01igakubu_igakka-ks_r7.pdf,downloads/www.hiroshima-u.ac.jp/07_01igakubu_igakka-ks_r7.pdf,ok:1070KB
https://www.hiroshima-u.ac.jp/system/files/249388/07_02igakubu_hoken-ks_r7.pdf,downloads/www.hiroshima-u.ac.jp/07_02igakubu_hoken-ks_r7.pdf,ok:291KB
https://www.hiroshima-u.ac.jp/system/files/249325/08_01shigakubu_shigaku-ks_r7.pdf,downloads/www.hiroshima-u.ac.jp/08_01shigakubu_shigaku-ks_r7.pdf,ok:482KB
https://www.hiroshima-u.ac.jp/system/files/249326/08_02shigakubu_koukuu-ks_r7.pdf,downloads/www.hiroshima-u.ac.jp/08_02shigakubu_koukuu-ks_r7.pdf,ok:341KB
https://www.hiroshima-u.ac.jp/system/files/249327/10_01kougakubu_1-ks_r7.pdf,downloads/www.hiroshima-u.ac.jp/10_01kougakubu_1-ks_r7.pdf,ok:386KB
https://www.hiroshima-u.ac.jp/system/files/249328/10_02kougakubu_2-ks_r7.pdf,downloads/www.hiroshima-u.ac.jp/10_02kougakubu_2-ks_r7.pdf,ok:225KB
https://www.hiroshima-u.ac.jp/system/files/249329/10_04kougakubu_4-ks_r7.pdf,downloads/www.hiroshima-u.ac.jp/10_04kougakubu_4-ks_r7.pdf,ok:258KB
https://www.hiroshima-u.ac.jp/system/files/249330/11_seibutuseisangakubu-ks_r7.pdf,downloads/www.hiroshima-u.ac.jp/11_seibutuseisangakubu-ks_r7.pdf,ok:762KB
https://www.hiroshima-u.ac.jp/system/files/249331/12_1jyohoukagakubu2-ks_r7.pdf,downloads/www.hiroshima-u.ac.jp/12_1jyohoukagakubu2-ks_r7.pdf,ok:163KB
https://www.hiroshima-u.ac.jp/system/files/249334/03_10kyoikugakubu_tabunka_IB-ks_r7.pdf,downloads/www.hiroshima-u.ac.jp/03_10kyoikugakubu_tabunka_IB-ks_r7.pdf,ok:346KB
https://www.hiroshima-u.ac.jp/system/files/249335/06_02rigakubu_suugaku-IB-ks_r7.pdf,downloads/www.hiroshima-u.ac.jp/06_02rigakubu_suugaku-IB-ks_r7.pdf,ok:185KB
https://www.hiroshima-u.ac.jp/system/files/249337/10_01kougakubu_1-IB-ks_r7.pdf,downloads/www.hiroshima-u.ac.jp/10_01kougakubu_1-IB-ks_r7.pdf,ok:388KB
https://www.hiroshima-u.ac.jp/system/files/249338/10_03kougakubu_3-IBks_r7.pdf,downloads/www.hiroshima-u.ac.jp/10_03kougakubu_3-IBks_r7.pdf,ok:887KB
https://www.hiroshima-u.ac.jp/system/files/249339/12_2jyohoukagakubu-IB-ks_r7.pdf,downloads/www.hiroshima-u.ac.jp/12_2jyohoukagakubu-IB-ks_r7.pdf,ok:165KB
https://www.hiroshima-u.ac.jp/system/files/249342/04_02hougakubu-s-ks_r7.pdf,downloads/www.hiroshima-u.ac.jp/04_02hougakubu-s-ks_r7.pdf,ok:510KB
https://www.hiroshima-u.ac.jp/system/files/249343/05_01keizaigakubu-s-ks_r7.pdf,downloads/www.hiroshima-u.ac.jp/05_01keizaigakubu-s-ks_r7.pdf,ok:218KB
https://www.hiroshima-u.ac.jp/system/files/249345/01_02sougoukagakubu_p-ks_r7.pdf,downloads/www.hiroshima-u.ac.jp/01_02sougoukagakubu_p-ks_r7.pdf,ok:208KB
https://www.hiroshima-u.ac.jp/system/files/249347/04_03hougakubu-p-ks_r7.pdf,downloads/www.hiroshima-u.ac.jp/04_03hougakubu-p-ks_r7.pdf,ok:511KB
https://www.hiroshima-u.ac.jp/system/files/249348/05_02keizaigakubu-p-ks_r7.pdf,downloads/www.hiroshima-u.ac.jp/05_02keizaigakubu-p-ks_r7.pdf,ok:219KB
https://www.hiroshima-u.ac.jp/system/files/249350/12_02johokagakubu_c-ks_r7.pdf,downloads/www.hiroshima-u.ac.jp/12_02johokagakubu_c-ks_r7.pdf,ok:152KB
https://www.hiroshima-u.ac.jp/system/files/249351/03_07kyoikugakubu_kokugo-ks_r7.pdf,downloads/www.hiroshima-u.ac.jp/03_07kyoikugakubu_kokugo-ks_r7.pdf,ok:268KB
https://www.hiroshima-u.ac.jp/system/files/249352/11_02seibutuseisangakubu-ks_r7.pdf,downloads/www.hiroshima-u.ac.jp/11_02seibutuseisangakubu-ks_r7.pdf,ok:716KB
https://www.hiroshima-u.ac.jp/system/files/266647/nyugakushikaku_shinseisyo_202507.pdf,downloads/www.hiroshima-u.ac.jp/nyugakushikaku_shinseisyo_202507.pdf,ok:85KB
https://www.hiroshima-u.ac.jp/system/files/294701/R8%20senbatsunopointo.pdf,downloads/www.hiroshima-u.ac.jp/R8 senbatsunopointo.pdf,ok:8287KB
https://www.hiroshima-u.ac.jp/system/files/269967/r07_onepoint_advice_20250916.pdf,downloads/www.hiroshima-u.ac.jp/r07_onepoint_advice_20250916.pdf,ok:417KB
